Const,Your Rating,Date Rated,Title,Original Title,URL,Title Type,IMDb Rating,Runtime (mins),Year,Genres,Num Votes,Release Date,Directors
tt0110912,7,2024-10-01,"Pulp Fiction","Pulp Fiction",https://www.imdb.com/title/tt0110912,Movie,8.9,154,1994,"Crime, Drama",2261931,"1994-10-21","Quentin Tarantino"
tt12637874,9,2024-10-01,"Fallout","Fallout",https://www.imdb.com/title/tt12637874,TV Series,8.4,60,2024,"Action, Adventure, Drama, Sci-Fi, War",258520,"2024-04-11",
tt13016388,7,2024-10-01,"3 Body Problem","3 Body Problem",https://www.imdb.com/title/tt13016388,TV Series,7.5,60,2024,"Sci-Fi, Adventure, Drama, Fantasy, Mystery",143011,"2024-03-21",
tt15239678,10,2024-06-08,"Dune: Part Two","Dune: Part Two",https://www.imdb.com/title/tt15239678,Movie,8.5,166,2024,"Adventure, Drama, Sci-Fi, Action",521696,"2024-03-01","Denis Villeneuve"
tt2906216,7,2024-05-21,"Dungeons & Dragons: Honour Among Thieves","Dungeons & Dragons: Honor Among Thieves",https://www.imdb.com/title/tt2906216,Movie,7.2,134,2023,"Adventure, Fantasy, Action, Comedy",238505,"2023-03-31","John Francis Daley,Jonathan Goldstein"
tt20234568,8,2024-05-21,"Yakhanyeongung","Yakhanyeongung",https://www.imdb.com/title/tt20234568,TV Mini Series,8.5,40,2022,"Action, Drama, Thriller",7201,"2022-11-18",
tt28486727,8,2024-04-08,"Dragon Mask","Sonyeonshidae",https://www.imdb.com/title/tt28486727,TV Series,7.8,,2023,"Comedy, Thriller",519,"2023-11-24",
tt2788316,9,2024-03-14,"Shōgun","Shogun",https://www.imdb.com/title/tt2788316,TV Series,8.6,60,2024,"Drama, History, Adventure, War",176208,"2024-02-27",
tt12590266,8,2024-03-11,"Cyberpunk: Edgerunners","Cyberpunk: Edgerunners",https://www.imdb.com/title/tt12590266,TV Mini Series,8.3,24,2022,"Animation, Sci-Fi, Action, Crime, Adventure, Thriller",87331,"2022-09-13",
tt22352854,7,2023-12-24,"Gyeongseong Creature","Gyeongseong Keuricheo",https://www.imdb.com/title/tt22352854,TV Series,7.3,60,2023,"Drama, History, Thriller, Action, Horror, Mystery",12212,"2023-12-22",
tt4179452,7,2023-12-12,"The Last Kingdom","The Last Kingdom",https://www.imdb.com/title/tt4179452,TV Series,8.5,60,2015,"Action, History, Drama",171296,"2015-10-22",
tt7772588,7,2023-12-12,"For All Mankind","For All Mankind",https://www.imdb.com/title/tt7772588,TV Series,8.1,60,2019,"Sci-Fi, Drama",73424,"2019-11-01",
tt5753856,8,2023-12-12,"Dark","Dark",https://www.imdb.com/title/tt5753856,TV Series,8.7,60,2017,"Mystery, Crime, Drama, Thriller, Sci-Fi",461524,"2017-12-01",
tt0062622,10,2023-12-12,"2001: A Space Odyssey","2001: A Space Odyssey",https://www.imdb.com/title/tt0062622,Movie,8.3,149,1968,"Adventure, Sci-Fi",731857,"1968-05-12","Stanley Kubrick"
tt22074164,8,2023-12-12,"Jury Duty","Jury Duty",https://www.imdb.com/title/tt22074164,TV Series,8.2,29,2023,"Comedy",48190,"2023-04-07",
tt0816692,8,2023-12-12,"Interstellar","Interstellar",https://www.imdb.com/title/tt0816692,Movie,8.7,169,2014,"Sci-Fi, Adventure, Drama",2165142,"2014-11-07","Christopher Nolan"
tt7923710,9,2023-12-12,"My Mister","Naui ajusshi",https://www.imdb.com/title/tt7923710,TV Series,9.1,70,2018,"Drama, Family",10253,"2020-06-10",
tt11280740,9,2023-12-12,"Severance","Severance",https://www.imdb.com/title/tt11280740,TV Series,8.7,50,2022,"Drama, Thriller, Mystery, Sci-Fi",221521,"2022-02-18",
tt9253284,9,2023-10-10,"Andor","Andor",https://www.imdb.com/title/tt9253284,TV Series,8.4,40,2022,"Sci-Fi, Thriller, Action, Adventure, Drama, Fantasy",176755,"2022-09-21",
tt14452776,9,2023-06-27,"The Bear","The Bear",https://www.imdb.com/title/tt14452776,TV Series,8.6,34,2022,"Drama, Comedy",247022,"2022-10-05",
tt11126994,8,2023-06-04,"Arcane","Arcane: League of Legends",https://www.imdb.com/title/tt11126994,TV Series,9.0,40,2021,"Animation, Action, Adventure, Drama, Fantasy, Sci-Fi",289088,"2021-11-07",
tt1630029,8,2023-05-31,"Avatar: The Way of Water","Avatar: The Way of Water",https://www.imdb.com/title/tt1630029,Movie,7.5,192,2022,"Action, Adventure, Sci-Fi, Fantasy",511210,"2022-12-16","James Cameron"
tt6710474,8,2023-05-19,"Everything Everywhere All at Once","Everything Everywhere All at Once",https://www.imdb.com/title/tt6710474,Movie,7.8,139,2022,"Sci-Fi, Adventure, Comedy, Fantasy, Action",552522,"2022-05-13","Daniel Kwan,Daniel Scheinert"
tt1745960,7,2023-05-19,"Top Gun: Maverick","Top Gun: Maverick",https://www.imdb.com/title/tt1745960,Movie,8.2,130,2022,"Action, Drama",732309,"2022-05-27","Joseph Kosinski"
tt12593682,7,2023-05-19,"Bullet Train","Bullet Train",https://www.imdb.com/title/tt12593682,Movie,7.3,127,2022,"Action, Thriller, Comedy",461493,"2022-08-03","David Leitch"
tt7286456,7,2023-05-19,"Joker","Joker",https://www.imdb.com/title/tt7286456,Movie,8.4,122,2019,"Crime, Drama, Thriller",1537415,"2019-10-04","Todd Phillips"
tt14688458,7,2023-05-19,"Silo","Silo",https://www.imdb.com/title/tt14688458,TV Series,8.1,49,2023,"Drama, Sci-Fi, Mystery",136073,"2023-05-05",
tt14403178,8,2023-05-19,"Beef","Beef",https://www.imdb.com/title/tt14403178,TV Series,8.0,30,2023,"Comedy, Drama",142582,"2023-04-06",
tt0093779,9,2023-05-19,"The Princess Bride","The Princess Bride",https://www.imdb.com/title/tt0093779,Movie,8.0,98,1987,"Family, Comedy, Romance, Adventure, Fantasy",457093,"1988-03-25","Rob Reiner"
tt5691552,8,2023-05-19,"The Orville","The Orville",https://www.imdb.com/title/tt5691552,TV Series,8.0,44,2017,"Comedy, Drama, Sci-Fi, Adventure",102115,"2017-12-14",
tt4301160,8,2023-05-19,"Black Bird","Black Bird",https://www.imdb.com/title/tt4301160,TV Mini Series,8.1,58,2022,"Crime, Drama, Thriller, Mystery, Biography",113466,"2022-07-08",
tt10986410,7,2023-05-19,"Ted Lasso","Ted Lasso",https://www.imdb.com/title/tt10986410,TV Series,8.8,30,2020,"Comedy, Drama, Sport",367268,"2020-08-14",
tt3581920,7,2023-05-19,"The Last of Us","The Last of Us",https://www.imdb.com/title/tt3581920,TV Series,8.7,50,2023,"Adventure, Horror, Drama, Thriller, Sci-Fi, Action",567182,"2023-01-16",
tt7049682,8,2023-05-19,"Watchmen","Watchmen",https://www.imdb.com/title/tt7049682,TV Mini Series,8.2,59,2019,"Drama, Mystery, Sci-Fi, Crime",137137,"2019-10-21",
tt0141842,10,2023-05-19,"The Sopranos","The Sopranos",https://www.imdb.com/title/tt0141842,TV Series,9.2,60,1999,"Crime, Drama",491336,"1999-07-15",
tt7660850,10,2023-05-19,"Succession","Succession",https://www.imdb.com/title/tt7660850,TV Series,8.8,60,2018,"Drama, Comedy",290006,"2018-08-02",
tt5348176,8,2023-05-19,"Barry","Barry",https://www.imdb.com/title/tt5348176,TV Series,8.3,30,2018,"Comedy, Crime, Drama, Action",126803,"2018-04-26",
tt5114356,10,2023-04-12,"Legion","Legion",https://www.imdb.com/title/tt5114356,TV Series,8.1,,2017,"Action, Sci-Fi, Drama, Thriller",98728,"2017-02-09",
tt10574236,8,2023-01-23,"Station Eleven","Station Eleven",https://www.imdb.com/title/tt10574236,TV Mini Series,7.6,51,2021,"Sci-Fi, Drama, Mystery, Thriller, Adventure, Fantasy",36986,"2022-01-30",
tt4158110,9,2022-12-05,"Mr. Robot","Mr. Robot",https://www.imdb.com/title/tt4158110,TV Series,8.5,45,2015,"Crime, Drama, Thriller",427244,"2015-10-16",
tt3032476,10,2022-11-10,"Better Call Saul","Better Call Saul",https://www.imdb.com/title/tt3032476,TV Series,9.0,45,2015,"Crime, Drama",679424,"2015-02-09",
tt2699128,10,2022-11-08,"The Leftovers","The Leftovers",https://www.imdb.com/title/tt2699128,TV Series,8.3,60,2014,"Drama, Fantasy, Mystery, Thriller",115831,"2014-09-18",
tt11239552,8,2022-01-18,"Itaewon Class","Itaewon Keullasseu",https://www.imdb.com/title/tt11239552,TV Series,8.2,70,2020,"Drama, Romance",20781,"2020-01-31",
tt2069441,4,2022-01-01,"Future Diary","Mirai nikki",https://www.imdb.com/title/tt2069441,TV Series,7.5,25,2011,"Animation, Action, Drama, Romance, Thriller, Mystery, Comedy, Horror",20739,"2011-10-09",
tt1528406,4,2022-01-01,"Fairy Tail","Fairy Tail",https://www.imdb.com/title/tt1528406,TV Series,7.9,24,2009,"Animation, Adventure, Comedy, Fantasy, Action, Family",29011,"2009-10-06",
tt0774809,5,2022-01-01,"Fate/stay night","Fate/stay night",https://www.imdb.com/title/tt0774809,TV Series,7.2,23,2006,"Animation, Drama, Adventure, Romance, Fantasy, Action",6650,"2006-01-06",
tt3741634,5,2022-01-01,"Tokyo Ghoul","Tokyo Ghoul",https://www.imdb.com/title/tt3741634,TV Mini Series,7.7,24,2014,"Animation, Action, Drama, Fantasy, Horror, Thriller",67883,"2014-07-03",
tt2250192,5,2022-01-01,"Sword Art Online","Sword Art Online",https://www.imdb.com/title/tt2250192,TV Series,7.5,24,2012,"Animation, Action, Fantasy, Sci-Fi, Thriller, Romance, Adventure",54478,"2013-12-16",
tt0190641,8,2022-01-01,"Pokémon: The First Movie","Gekijôban Poketto Monsutâ: Myûtsû no Gyakushû",https://www.imdb.com/title/tt0190641,Movie,6.3,96,1998,"Animation, Action, Fantasy, Sci-Fi, Adventure, Family",46785,"1998-07-18","Kunihiko Yuyama"
tt0168366,7,2022-01-01,"Pokémon","Poketto monsutâ",https://www.imdb.com/title/tt0168366,TV Series,7.6,24,1997,"Animation, Action, Adventure, Comedy, Fantasy, Family, Sci-Fi",49168,"1999-03-29",
tt0247902,7,2022-01-01,"Yu-Gi-Oh!","Yu-Gi-Oh!",https://www.imdb.com/title/tt0247902,TV Series,8.2,23,2000,"Animation, Action, Adventure, Fantasy, Comedy, Drama, Sci-Fi, Thriller, Family",3837,"2000-04-18",
tt3358020,7,2022-01-01,"Kiseijû: Sei no kakuritsu","Kiseijû: Sei no kakuritsu",https://www.imdb.com/title/tt3358020,TV Series,8.3,22,2014,"Animation, Horror, Sci-Fi, Action, Thriller, Drama",51669,"2014-10-09",
tt6751668,7,2022-01-01,"Parasite","Gisaengchung",https://www.imdb.com/title/tt6751668,Movie,8.5,132,2019,"Drama, Thriller",995445,"2020-02-07","Bong Joon Ho"
tt0948103,6,2022-01-01,"Tengen Toppa Gurren Lagann","Tengen toppa gurren lagann",https://www.imdb.com/title/tt0948103,TV Series,8.3,24,2007,"Animation, Action, Comedy, Drama, Adventure, Sci-Fi",21921,"2007-04-01",
tt0218775,6,2022-01-01,"Monster Rancher","Monster Farm: Enbanseki no himitsu",https://www.imdb.com/title/tt0218775,TV Series,6.9,,1999,"Animation, Adventure, Drama, Sci-Fi, Fantasy, Action, Comedy",1574,"1999-04-17",
tt0434665,8,2022-01-01,"Bleach","Bleach",https://www.imdb.com/title/tt0434665,TV Series,8.2,24,2004,"Animation, Adventure, Fantasy, Action",72658,"2007-09-13",
tt9054364,6,2022-01-01,"That Time I Got Reincarnated as a Slime","Tensei Shitara Suraimu Datta Ken",https://www.imdb.com/title/tt9054364,TV Series,8.1,25,2018,"Animation, Comedy, Fantasy, Action, Adventure",16766,"2018-10-01",
tt7222086,7,2022-01-01,"Made in Abyss","Made in Abyss",https://www.imdb.com/title/tt7222086,TV Series,8.3,,2017,"Animation, Adventure, Fantasy, Sci-Fi, Drama, Mystery, Action",16360,"2017-07-07",
tt2309320,7,2022-01-01,"From the New World","Shin Sekai Yori",https://www.imdb.com/title/tt2309320,TV Series,7.8,25,2012,"Animation, Adventure, Drama, Fantasy, Horror, Mystery, Sci-Fi, Action",3757,"2012-09-29",
tt2348803,7,2022-01-01,"Kuroko's Basketball","Kuroko no basuke",https://www.imdb.com/title/tt2348803,TV Series,8.2,24,2012,"Animation, Sport, Comedy",12137,"2012-04-07",
tt1899047,7,2022-01-01,"Toriko","Toriko",https://www.imdb.com/title/tt1899047,TV Series,7.2,,2009,"Animation, Action, Adventure, Comedy, Fantasy, Family",648,"2011-04-03",
tt5344382,8,2022-01-01,"Mobile Suit Gundam: Iron-Blooded Orphans","Kidou Senshi Gundam: Tekketsu no Orphans",https://www.imdb.com/title/tt5344382,TV Series,7.9,24,2015,"Animation, Action, Drama, Sci-Fi",2275,"2015-10-04",
tt1134000,7,2022-01-01,"Mobile Suit Gundam 00","Kidô Senshi Gundam 00",https://www.imdb.com/title/tt1134000,TV Series,8.1,24,2007,"Animation, Action, Drama, Sci-Fi",2769,"2007-10-06",
tt0214354,7,2022-01-01,"Zoids: New Century/Zero","Kijû shinseiki Zoid",https://www.imdb.com/title/tt0214354,TV Series,7.4,24,2001,"Animation, Action, Fantasy, Sci-Fi, Thriller",1100,"2001-01",
tt0293416,7,2022-01-01,"Metropolis","Metoroporisu",https://www.imdb.com/title/tt0293416,Movie,7.2,108,2001,"Animation, Drama, Sci-Fi, Adventure",22913,"2002-01-11","Rintarô"
tt0434685,7,2022-01-01,"Gantz","Gantz",https://www.imdb.com/title/tt0434685,TV Series,7.2,22,2004,"Animation, Sci-Fi, Fantasy, Horror, Drama, Action",8845,"2004-04-12",
tt0112159,7,2022-01-01,"Neon Genesis Evangelion","Shinseiki Evangelion",https://www.imdb.com/title/tt0112159,TV Series,8.5,24,1995,"Animation, Drama, Action, Sci-Fi",89807,"1995-10-04",
tt3398540,8,2022-01-01,"Haikyuu!!","Haikyû!!",https://www.imdb.com/title/tt3398540,TV Series,8.7,24,2014,"Animation, Sport, Comedy, Drama",38811,"2014-04-06",
tt0831888,8,2022-01-01,"Tekkonkinkreet","Tekkon kinkurîto",https://www.imdb.com/title/tt0831888,Movie,7.5,111,2006,"Animation, Action, Crime, Adventure, Fantasy, Drama",14769,"2006-12-23","Michael Arias,Hiroaki Andô"
tt0481256,8,2022-01-01,"Fighting Spirit","Hajime no Ippo",https://www.imdb.com/title/tt0481256,TV Series,8.8,30,2000,"Animation, Action, Comedy, Sport",10998,"2000-03-27",
tt0119698,8,2022-01-01,"Princess Mononoke","Mononoke-hime",https://www.imdb.com/title/tt0119698,Movie,8.3,133,1997,"Animation, Action, Adventure, Fantasy",443411,"2001-10-19","Hayao Miyazaki"
tt0251439,8,2022-01-01,"Trigun","Trigun",https://www.imdb.com/title/tt0251439,TV Series,8.2,24,1998,"Animation, Drama, Adventure, Sci-Fi, Comedy, Action",24685,"1998-04-01",
tt9426210,8,2022-01-01,"Weathering with You","Tenki no ko",https://www.imdb.com/title/tt9426210,Movie,7.5,112,2019,"Animation, Fantasy, Romance, Drama",58570,"2020-01-17","Makoto Shinkai"
tt5311514,8,2022-01-01,"Your Name.","Kimi no na wa.",https://www.imdb.com/title/tt5311514,Movie,8.4,106,2016,"Animation, Drama, Romance, Fantasy",334157,"2016-11-18","Makoto Shinkai"
tt5323662,8,2022-01-01,"A Silent Voice","Koe no katachi",https://www.imdb.com/title/tt5323662,Movie,8.1,130,2016,"Animation, Drama",106642,"2016-09-17","Taichi Ishidate,Naoko Yamada"
tt2098220,9,2022-01-01,"Hunter x Hunter","Hunter x Hunter",https://www.imdb.com/title/tt2098220,TV Series,9.0,24,2011,"Animation, Adventure, Comedy, Action, Fantasy",144899,"2014-08-01",
tt0347149,9,2022-01-01,"Howl's Moving Castle","Hauru no ugoku shiro",https://www.imdb.com/title/tt0347149,Movie,8.2,119,2004,"Animation, Adventure, Family, Fantasy",462761,"2005-09-23","Hayao Miyazaki"
tt0096633,10,2022-01-01,"Ginga eiyû densetsu","Ginga Eiyuu Densetsu",https://www.imdb.com/title/tt0096633,TV Series,9.0,25,1988,"Animation, War, Action, Sci-Fi, Drama",5283,"1988-12-21",
tt5765272,8,2022-01-01,"Tomorrow's Joe 2","Ashita no Jô 2",https://www.imdb.com/title/tt5765272,TV Series,8.9,30,1980,"Animation, Action, Sport, Drama",933,"1980-10-13",
tt0388629,9,2022-01-01,"One Piece","One Piece: Wan pîsu",https://www.imdb.com/title/tt0388629,TV Series,9.0,24,1999,"Animation, Action, Adventure, Comedy, Fantasy, Drama",258120,"2005-04-11",
tt0409591,8,2022-01-01,"Naruto","Naruto",https://www.imdb.com/title/tt0409591,TV Series,8.4,24,2002,"Animation, Action, Comedy, Adventure, Fantasy",134484,"2002-10-03",
tt0988824,7,2022-01-01,"Naruto: Shippuden","Naruto: Shippûden",https://www.imdb.com/title/tt0988824,TV Series,8.7,24,2007,"Animation, Action, Adventure, Fantasy, Drama, Comedy",179795,"2007-02-15",
tt9335498,7,2022-01-01,"Demon Slayer: Kimetsu no Yaiba","Kimetsu no Yaiba",https://www.imdb.com/title/tt9335498,TV Series,8.6,24,2019,"Animation, Action, Fantasy, Thriller, Adventure",165885,"2019-04-06",
tt2359704,8,2022-01-01,"JoJo's Bizarre Adventure","JoJo no Kimyô na Bôken",https://www.imdb.com/title/tt2359704,TV Series,8.5,24,2012,"Animation, Adventure, Horror, Action, Fantasy, Drama, Comedy",37526,"2012-10-05",
tt0988818,8,2022-01-01,"Gintama","Gintama",https://www.imdb.com/title/tt0988818,TV Series,8.7,25,2005,"Animation, Action, Comedy, Sci-Fi",16198,"2006-04-04",
tt2379308,8,2022-01-01,"Psycho-Pass","Psycho-Pass",https://www.imdb.com/title/tt2379308,TV Series,8.1,25,2012,"Animation, Action, Sci-Fi, Crime, Thriller, Mystery",23106,"2012-10-11",
tt9140554,8,2022-01-01,"Loki","Loki",https://www.imdb.com/title/tt9140554,TV Series,8.2,50,2021,"Fantasy, Sci-Fi, Action, Adventure",424156,"2021-06-09",
tt4154756,8,2022-01-01,"Avengers: Infinity War","Avengers: Infinity War",https://www.imdb.com/title/tt4154756,Movie,8.4,149,2018,"Action, Sci-Fi, Adventure",1235351,"2018-04-26","Anthony Russo,Joe Russo"
tt4154796,9,2022-01-01,"Avengers: Endgame","Avengers: Endgame",https://www.imdb.com/title/tt4154796,Movie,8.4,181,2019,"Action, Sci-Fi, Adventure, Drama",1301066,"2019-04-25","Anthony Russo,Joe Russo"
tt0330373,7,2022-01-01,"Harry Potter and the Goblet of Fire","Harry Potter and the Goblet of Fire",https://www.imdb.com/title/tt0330373,Movie,7.7,157,2005,"Mystery, Family, Adventure, Fantasy",694036,"2005-11-18","Mike Newell"
tt0013442,7,2022-01-01,"Nosferatu: A Symphony of Horror","Nosferatu, eine Symphonie des Grauens",https://www.imdb.com/title/tt0013442,Movie,7.9,94,1922,"Fantasy, Horror",107652,"1922-05-18","F.W. Murnau"
tt0106489,7,2022-01-01,"A Bronx Tale","A Bronx Tale",https://www.imdb.com/title/tt0106489,Movie,7.8,121,1993,"Crime, Drama",166089,"1994-02-18","Robert De Niro"
tt0106145,9,2022-01-01,"Star Trek: Deep Space Nine","Star Trek: Deep Space Nine",https://www.imdb.com/title/tt0106145,TV Series,8.1,45,1993,"Action, Drama, Adventure, Thriller, Sci-Fi",72301,"1995-09-28",
tt6422944,8,2022-01-01,"Impractical Jokers: Inside Jokes","Impractical Jokers: Inside Jokes",https://www.imdb.com/title/tt6422944,TV Series,8.5,30,2016,"Reality-TV, Comedy",2889,"2016-07-14",
tt0468569,10,2022-01-01,"The Dark Knight","The Dark Knight",https://www.imdb.com/title/tt0468569,Movie,9.0,152,2008,"Drama, Crime, Thriller, Action",2925576,"2008-07-24","Christopher Nolan"
tt0094625,10,2022-01-01,"Akira","Akira",https://www.imdb.com/title/tt0094625,Movie,8.0,124,1988,"Animation, Thriller, Action, Drama, Fantasy, Sci-Fi",209490,"1988-07-16","Katsuhiro Ôtomo"
tt0068646,10,2022-01-01,"The Godfather","The Godfather",https://www.imdb.com/title/tt0068646,Movie,9.2,175,1972,"Crime, Drama",2053024,"1972-08-24","Francis Ford Coppola"
tt7221388,7,2022-01-01,"Cobra Kai","Cobra Kai",https://www.imdb.com/title/tt7221388,TV Series,8.4,30,2018,"Action, Drama, Comedy, Sport",212869,"2018-05-02",
tt1160419,9,2022-01-01,"Dune: Part One","Dune: Part One",https://www.imdb.com/title/tt1160419,Movie,8.0,155,2021,"Sci-Fi, Adventure, Drama, Action",905032,"2021-10-21","Denis Villeneuve"
tt3741700,7,2022-01-01,"Godzilla: King of the Monsters","Godzilla: King of the Monsters",https://www.imdb.com/title/tt3741700,Movie,6.0,132,2019,"Action, Adventure, Sci-Fi, Fantasy",213703,"2019-05-29","Michael Dougherty"
tt0167261,9,2022-01-01,"The Lord of the Rings: The Two Towers","The Lord of the Rings: The Two Towers",https://www.imdb.com/title/tt0167261,Movie,8.8,179,2002,"Drama, Action, Adventure, Fantasy",1817629,"2002-12-18","Peter Jackson"
tt15940602,1,2021-12-18,"The Wheel of Time: The Dark Along the Ways","The Wheel of Time: The Dark Along the Ways",https://www.imdb.com/title/tt15940602,TV Episode,7.8,60,2021,"Fantasy, Adventure, Action, Drama",7460,"2021-12-17","Ciaran Donnelly"
tt7462410,1,2021-12-18,"The Wheel of Time","The Wheel of Time",https://www.imdb.com/title/tt7462410,TV Series,7.2,60,2021,"Fantasy, Adventure, Action, Drama",140453,"2021-11-19",
tt0120587,5,2021-12-14,"Antz","Antz",https://www.imdb.com/title/tt0120587,Movie,6.5,83,1998,"Animation, Family, Comedy, Adventure",165404,"1998-11-06","Eric Darnell,Tim Johnson,Lawrence Guterman"
tt0112642,5,2021-07-23,"Casper","Casper",https://www.imdb.com/title/tt0112642,Movie,6.2,100,1995,"Comedy, Family, Fantasy",148979,"1995-07-28","Brad Silberling"
tt0088323,7,2021-07-23,"The NeverEnding Story","The Neverending Story",https://www.imdb.com/title/tt0088323,Movie,7.3,102,1984,"Drama, Family, Adventure, Fantasy",160075,"1985-04-04","Wolfgang Petersen"
tt0944947,3,2021-04-21,"Game of Thrones","Game of Thrones",https://www.imdb.com/title/tt0944947,TV Series,9.2,60,2011,"Fantasy, Drama, Adventure, Action",2348712,"2011-04-18",
tt0116705,6,2020-11-28,"Jingle All The Way","Jingle All the Way",https://www.imdb.com/title/tt0116705,Movie,5.7,89,1996,"Adventure, Comedy, Family",117217,"1996-12-06","Brian Levant"
tt0105629,6,2020-11-28,"Toys","Toys",https://www.imdb.com/title/tt0105629,Movie,5.1,118,1992,"Drama, Family, Adventure, Comedy, Fantasy",33968,"1993-03-05","Barry Levinson"
tt7366338,9,2019-08-15,"Chernobyl","Chernobyl",https://www.imdb.com/title/tt7366338,TV Mini Series,9.3,60,2019,"Drama, History, Thriller",895680,"2019-05-07",
tt1190634,8,2019-08-15,"The Boys","The Boys",https://www.imdb.com/title/tt1190634,TV Series,8.7,60,2019,"Action, Sci-Fi, Crime, Drama, Comedy",724787,"2019-07-26",
tt1312171,7,2019-07-17,"The Umbrella Academy","The Umbrella Academy",https://www.imdb.com/title/tt1312171,TV Series,7.8,60,2019,"Action, Fantasy, Adventure, Comedy, Drama, Sci-Fi",293731,"2019-02-15",
tt0479952,6,2018-09-12,"Madagascar: Escape 2 Africa","Madagascar: Escape 2 Africa",https://www.imdb.com/title/tt0479952,Movie,6.6,89,2008,"Animation, Adventure, Comedy, Family",252155,"2008-12-05","Eric Darnell,Tom McGrath"
tt0413300,6,2018-09-12,"Spider-Man 3","Spider-Man 3",https://www.imdb.com/title/tt0413300,Movie,6.3,139,2007,"Action, Sci-Fi, Adventure",650118,"2007-05-04","Sam Raimi"
tt0438097,6,2018-09-12,"Ice Age 2: The Meltdown","Ice Age: The Meltdown",https://www.imdb.com/title/tt0438097,Movie,6.8,91,2006,"Animation, Comedy, Family, Adventure",301004,"2006-04-07","Carlos Saldanha"
tt0209163,6,2018-09-12,"The Mummy Returns","The Mummy Returns",https://www.imdb.com/title/tt0209163,Movie,6.4,130,2001,"Fantasy, Thriller, Adventure, Action",350843,"2001-05-18","Stephen Sommers"
tt0118689,7,2018-09-12,"Bean","Bean",https://www.imdb.com/title/tt0118689,Movie,6.5,89,1997,"Adventure, Family, Comedy",112073,"1997-08-01","Mel Smith"
tt3501632,7,2018-09-12,"Thor: Ragnarok","Thor: Ragnarok",https://www.imdb.com/title/tt3501632,Movie,7.9,130,2017,"Action, Sci-Fi, Adventure, Comedy, Fantasy",831684,"2017-10-24","Taika Waititi"
tt0181739,7,2018-07-24,"Osmosis Jones","Osmosis Jones",https://www.imdb.com/title/tt0181739,Movie,6.3,95,2001,"Animation, Action, Adventure, Fantasy, Crime, Family, Sci-Fi, Comedy",39339,"2001-11-02","Bobby Farrelly,Peter Farrelly"
tt0389790,5,2018-07-24,"Bee Movie","Bee Movie",https://www.imdb.com/title/tt0389790,Movie,6.1,91,2007,"Animation, Comedy, Family, Adventure, Drama",183179,"2007-12-14","Simon J. Smith,Steve Hickner"
tt0105236,7,2018-07-24,"Reservoir Dogs","Reservoir Dogs",https://www.imdb.com/title/tt0105236,Movie,8.3,99,1992,"Crime, Thriller",1105953,"1993-01-15","Quentin Tarantino"
tt3322310,5,2018-07-24,"Iron Fist","Iron Fist",https://www.imdb.com/title/tt3322310,TV Series,6.4,55,2017,"Action, Sci-Fi, Adventure, Crime, Fantasy",141507,"2017-03-17",
tt0311289,5,2018-07-24,"Holes","Holes",https://www.imdb.com/title/tt0311289,Movie,7.0,117,2003,"Comedy, Adventure, Mystery, Drama, Family",102580,"2003-10-24","Andrew Davis"
tt0948470,5,2018-07-24,"The Amazing Spider-Man","The Amazing Spider-Man",https://www.imdb.com/title/tt0948470,Movie,6.9,136,2012,"Action, Sci-Fi, Adventure",714527,"2012-07-03","Marc Webb"
tt1981115,5,2018-07-24,"Thor: The Dark World","Thor: The Dark World",https://www.imdb.com/title/tt1981115,Movie,6.7,112,2013,"Action, Adventure, Fantasy",735556,"2013-10-30","Alan Taylor"
tt0097523,5,2018-07-24,"Honey, I Shrunk the Kids","Honey, I Shrunk the Kids",https://www.imdb.com/title/tt0097523,Movie,6.4,93,1989,"Sci-Fi, Comedy, Adventure, Family",168878,"1990-02-09","Joe Johnston"
tt0344854,4,2018-07-24,"Arthur and the Invisibles","Arthur et les Minimoys",https://www.imdb.com/title/tt0344854,Movie,6.0,94,2006,"Animation, Adventure, Comedy, Family, Fantasy",41563,"2007-02-02","Luc Besson"
tt0316396,4,2018-07-24,"Peter Pan","Peter Pan",https://www.imdb.com/title/tt0316396,Movie,6.8,113,2003,"Romance, Family, Adventure, Fantasy",81154,"2003-12-24","P.J. Hogan"
tt0449010,2,2018-07-24,"Eragon","Eragon",https://www.imdb.com/title/tt0449010,Movie,5.1,104,2006,"Fantasy, Action, Family, Adventure",131374,"2006-12-15","Stefen Fangmeier"
tt1155076,3,2018-07-24,"The Karate Kid","The Karate Kid",https://www.imdb.com/title/tt1155076,Movie,6.2,140,2010,"Action, Drama, Family, Sport",210151,"2010-07-28","Harald Zwart"
tt0773262,3,2018-07-24,"Dexter","Dexter",https://www.imdb.com/title/tt0773262,TV Series,8.6,60,2006,"Crime, Drama, Mystery, Thriller",794204,"2007-07-10",
tt0486576,2,2018-07-24,"Fantastic 4: Rise of the Silver Surfer","4: Rise of the Silver Surfer",https://www.imdb.com/title/tt0486576,Movie,5.6,92,2007,"Fantasy, Adventure, Action, Sci-Fi",281277,"2007-06-15","Tim Story"
tt2177771,1,2018-07-24,"The Monuments Men","The Monuments Men",https://www.imdb.com/title/tt2177771,Movie,6.1,118,2014,"Drama, War, Comedy",143679,"2014-02-14","George Clooney"
tt0338459,6,2018-07-24,"Spy Kids 3: Game Over","Spy Kids 3: Game Over",https://www.imdb.com/title/tt0338459,Movie,4.4,84,2003,"Sci-Fi, Family, Adventure, Comedy, Action",67400,"2003-08-01","Robert Rodriguez"
tt0892769,5,2018-07-24,"How to Train Your Dragon","How to Train Your Dragon",https://www.imdb.com/title/tt0892769,Movie,8.1,98,2010,"Animation, Adventure, Fantasy, Family, Action",815793,"2010-03-31","Dean DeBlois,Chris Sanders"
tt0327084,5,2018-07-24,"Over the Hedge","Over the Hedge",https://www.imdb.com/title/tt0327084,Movie,6.7,83,2006,"Animation, Family, Adventure, Comedy",192279,"2006-07-30","Tim Johnson,Karey Kirkpatrick"
tt0086250,7,2018-07-24,"Scarface","Scarface",https://www.imdb.com/title/tt0086250,Movie,8.3,170,1983,"Crime, Drama",934517,"1984-02-10","Brian De Palma"
tt3748528,7,2018-07-24,"Rogue One","Rogue One",https://www.imdb.com/title/tt3748528,Movie,7.8,133,2016,"Action, Adventure, Sci-Fi",698649,"2016-12-15","Gareth Edwards"
tt2265171,8,2018-07-24,"The Raid 2","Serbuan maut 2: Berandal",https://www.imdb.com/title/tt2265171,Movie,7.9,150,2014,"Action, Thriller, Crime",132906,"2014-04-11","Gareth Evans"
tt0089881,9,2018-07-24,"Ran","Ran",https://www.imdb.com/title/tt0089881,Movie,8.2,160,1985,"Action, War, Drama",138782,"1986-03-07","Akira Kurosawa"
tt3731562,6,2018-07-24,"Kong: Skull Island","Kong: Skull Island",https://www.imdb.com/title/tt3731562,Movie,6.7,118,2017,"Action, Adventure, Fantasy, Sci-Fi",355812,"2017-03-09","Jordan Vogt-Roberts"
tt0475784,8,2018-05-06,"Westworld","Westworld",https://www.imdb.com/title/tt0475784,TV Series,8.5,60,2016,"Sci-Fi, Drama, Mystery",540029,"2016-10-04",
tt3322312,8,2018-05-06,"Daredevil","Daredevil",https://www.imdb.com/title/tt3322312,TV Series,8.6,60,2015,"Action, Crime, Drama, Thriller, Sci-Fi, Fantasy",483142,"2015-04-10",
tt0903747,9,2018-05-06,"Breaking Bad","Breaking Bad",https://www.imdb.com/title/tt0903747,TV Series,9.5,45,2008,"Drama, Crime, Thriller",2211337,"2008-09-28",
tt0434706,8,2018-05-06,"Monster","Monster",https://www.imdb.com/title/tt0434706,TV Series,8.7,24,2004,"Animation, Drama, Mystery, Thriller, Crime",49133,"2004-04-06",
tt0209144,8,2018-05-06,"Memento","Memento",https://www.imdb.com/title/tt0209144,Movie,8.4,113,2000,"Thriller, Mystery",1343172,"2000-10-20","Christopher Nolan"
tt0163507,9,2018-05-06,"Whose Line Is It Anyway?","Whose Line Is It Anyway?",https://www.imdb.com/title/tt0163507,TV Series,8.5,30,1998,"Game-Show, Comedy",46934,"1999-05-08",
tt0072500,9,2018-05-06,"Fawlty Towers","Fawlty Towers",https://www.imdb.com/title/tt0072500,TV Series,8.8,30,1975,"Comedy",101477,"1975-09-19",
tt3315342,8,2018-05-06,"Logan","Logan",https://www.imdb.com/title/tt3315342,Movie,8.1,137,2017,"Action, Sci-Fi, Drama, Thriller",861526,"2017-03-01","James Mangold"
tt1825683,7,2018-05-05,"Black Panther","Black Panther",https://www.imdb.com/title/tt1825683,Movie,7.3,134,2018,"Action, Adventure, Sci-Fi",851455,"2018-02-13","Ryan Coogler"
tt0831387,7,2018-04-03,"Godzilla","Godzilla",https://www.imdb.com/title/tt0831387,Movie,6.4,123,2014,"Action, Sci-Fi, Adventure, Thriller",447774,"2014-05-15","Gareth Edwards"
tt1163129,8,2018-02-02,"Xi you ji","Xi you ji",https://www.imdb.com/title/tt1163129,TV Series,8.7,45,1986,"Action, Adventure, Fantasy",1825,"1986",
tt5016504,6,2018-02-02,"Preacher","Preacher",https://www.imdb.com/title/tt5016504,TV Series,7.9,60,2016,"Adventure, Drama, Fantasy, Mystery, Horror, Action, Comedy, Western",82922,"2016-05-23",
tt0096697,7,2018-02-02,"The Simpsons","The Simpsons",https://www.imdb.com/title/tt0096697,TV Series,8.7,22,1989,"Animation, Comedy",442397,"1990-09-02",
tt0099785,7,2018-01-31,"Home Alone","Home Alone",https://www.imdb.com/title/tt0099785,Movie,7.7,103,1990,"Comedy, Family",662945,"1990-12-07","Chris Columbus"
tt0241527,7,2018-01-31,"Harry Potter and the Philosopher's Stone","Harry Potter and the Sorcerer's Stone",https://www.imdb.com/title/tt0241527,Movie,7.6,152,2001,"Family, Adventure, Fantasy",872315,"2001-11-16","Chris Columbus"
tt0268380,7,2018-01-31,"Ice Age","Ice Age",https://www.imdb.com/title/tt0268380,Movie,7.5,81,2002,"Animation, Adventure, Comedy, Family",528626,"2002-07-26","Chris Wedge,Carlos Saldanha"
tt0113497,7,2018-01-31,"Jumanji","Jumanji",https://www.imdb.com/title/tt0113497,Movie,7.1,104,1995,"Comedy, Adventure, Family, Fantasy",384668,"1996-02-16","Joe Johnston"
tt0083866,7,2018-01-31,"E.T. the Extra-Terrestrial","E.T. the Extra-Terrestrial",https://www.imdb.com/title/tt0083866,Movie,7.9,115,1982,"Adventure, Sci-Fi, Family",444012,"1982-12-10","Steven Spielberg"
tt0453451,7,2018-01-31,"Mr. Bean's Holiday","Mr. Bean's Holiday",https://www.imdb.com/title/tt0453451,Movie,6.4,90,2007,"Comedy, Family",135782,"2007-03-30","Steve Bendelack"
tt0081912,7,2018-01-31,"Only Fools and Horses","Only Fools and Horses",https://www.imdb.com/title/tt0081912,TV Series,9.0,95,1981,"Comedy",57660,"1981-09-08",
tt0119654,7,2018-01-31,"Men in Black","Men in Black",https://www.imdb.com/title/tt0119654,Movie,7.3,98,1997,"Adventure, Action, Sci-Fi, Comedy",623702,"1997-08-01","Barry Sonnenfeld"
tt0099685,8,2018-01-31,"GoodFellas","Goodfellas",https://www.imdb.com/title/tt0099685,Movie,8.7,145,1990,"Biography, Crime, Drama",1281797,"1990-10-26","Martin Scorsese"
tt4574334,8,2018-01-31,"Stranger Things","Stranger Things",https://www.imdb.com/title/tt4574334,TV Series,8.7,60,2016,"Drama, Horror, Thriller, Sci-Fi, Mystery, Fantasy",1380035,"2016-07-15",
tt0067992,8,2018-01-31,"Willy Wonka & the Chocolate Factory","Willy Wonka & the Chocolate Factory",https://www.imdb.com/title/tt0067992,Movie,7.8,100,1971,"Musical, Family, Adventure, Comedy, Fantasy",231509,"1971-08-20","Mel Stuart"
tt0096657,9,2018-01-31,"Mr. Bean","Mr. Bean",https://www.imdb.com/title/tt0096657,TV Series,8.6,25,1990,"Family, Comedy",136882,"1990-01-01",
tt1535109,7,2018-01-31,"Captain Phillips","Captain Phillips",https://www.imdb.com/title/tt1535109,Movie,7.8,134,2013,"Drama, Biography, Thriller, Crime, Action",498811,"2013-10-16","Paul Greengrass"
tt2357547,7,2018-01-31,"Jessica Jones","Jessica Jones",https://www.imdb.com/title/tt2357547,TV Series,7.9,56,2015,"Action, Crime, Drama, Sci-Fi, Thriller",229406,"2015-11-20",
tt0250687,7,2018-01-31,"Rat Race","Rat Race",https://www.imdb.com/title/tt0250687,Movie,6.5,112,2001,"Adventure, Action, Comedy",124648,"2002-01-11","Jerry Zucker"
tt0114746,7,2018-01-31,"Twelve Monkeys","12 Monkeys",https://www.imdb.com/title/tt0114746,Movie,8.0,129,1995,"Mystery, Sci-Fi, Thriller",653689,"1996-04-19","Terry Gilliam"
tt0198781,7,2018-01-31,"Monsters, Inc.","Monsters, Inc.",https://www.imdb.com/title/tt0198781,Movie,8.1,92,2001,"Animation, Adventure, Comedy, Family, Fantasy",998678,"2002-02-08","Pete Docter,David Silverman,Lee Unkrich"
tt0278238,7,2018-01-31,"Samurai Jack","Samurai Jack",https://www.imdb.com/title/tt0278238,TV Series,8.5,23,2001,"Animation, Thriller, Sci-Fi, Drama, Adventure, Fantasy, Action",61009,"2001-11-01",
tt0332379,8,2018-01-31,"School of Rock","School of Rock",https://www.imdb.com/title/tt0332379,Movie,7.2,109,2003,"Music, Comedy",336933,"2004-02-06","Richard Linklater"
tt3450958,7,2018-01-31,"War for the Planet of the Apes","War for the Planet of the Apes",https://www.imdb.com/title/tt3450958,Movie,7.4,140,2017,"Action, Drama, Sci-Fi, Adventure, Thriller",307231,"2017-07-11","Matt Reeves"
tt2707408,8,2018-01-31,"Narcos","Narcos",https://www.imdb.com/title/tt2707408,TV Series,8.7,50,2015,"Crime, Drama, Biography, Thriller",481103,"2015-08-28",
tt0084726,8,2018-01-31,"Star Trek II: The Wrath of Khan","Star Trek II: The Wrath of Khan",https://www.imdb.com/title/tt0084726,Movie,7.7,113,1982,"Action, Sci-Fi, Adventure",130740,"1982-07-16","Nicholas Meyer"
tt0469494,8,2018-01-31,"There Will Be Blood","There Will Be Blood",https://www.imdb.com/title/tt0469494,Movie,8.2,158,2007,"Drama",651713,"2008-02-15","Paul Thomas Anderson"
tt0133093,8,2018-01-18,"The Matrix","The Matrix",https://www.imdb.com/title/tt0133093,Movie,8.7,136,1999,"Action, Sci-Fi",2091460,"1999-06-11","Lana Wachowski,Lilly Wachowski"
tt0111161,7,2018-01-18,"The Shawshank Redemption","The Shawshank Redemption",https://www.imdb.com/title/tt0111161,Movie,9.3,142,1994,"Drama",2945439,"1995-02-17","Frank Darabont"
tt0117705,6,2018-01-18,"Space Jam","Space Jam",https://www.imdb.com/title/tt0117705,Movie,6.5,88,1996,"Animation, Sport, Fantasy, Sci-Fi, Comedy, Family, Adventure",217169,"1997-03-21","Joe Pytka"
tt0460091,7,2018-01-18,"My Name Is Earl","My Name Is Earl",https://www.imdb.com/title/tt0460091,TV Series,7.8,22,2005,"Comedy",111022,"2006-01-06",
tt1345836,7,2018-01-18,"The Dark Knight Rises","The Dark Knight Rises",https://www.imdb.com/title/tt1345836,Movie,8.4,164,2012,"Action, Drama, Thriller",1858727,"2012-07-20","Christopher Nolan"
tt0372784,8,2018-01-18,"Batman Begins","Batman Begins",https://www.imdb.com/title/tt0372784,Movie,8.2,140,2005,"Action, Crime, Drama",1604613,"2005-06-16","Christopher Nolan"
tt0472043,9,2018-01-18,"Apocalypto","Apocalypto",https://www.imdb.com/title/tt0472043,Movie,7.8,139,2006,"Adventure, Drama, Thriller, Action",336028,"2007-01-05","Mel Gibson"
tt0117500,7,2018-01-18,"The Rock","The Rock",https://www.imdb.com/title/tt0117500,Movie,7.4,136,1996,"Adventure, Thriller, Action",363104,"1996-06-21","Michael Bay"
tt0051337,7,2018-01-18,"The 7th Voyage of Sinbad","The 7th Voyage of Sinbad",https://www.imdb.com/title/tt0051337,Movie,7.0,88,1958,"Adventure, Family, Action, Fantasy",15094,"1959-01-18","Nathan Juran"
tt1392214,8,2018-01-18,"Prisoners","Prisoners",https://www.imdb.com/title/tt1392214,Movie,8.2,153,2013,"Crime, Drama, Thriller, Mystery",832844,"2013-09-27","Denis Villeneuve"
tt1291584,7,2018-01-18,"Warrior","Warrior",https://www.imdb.com/title/tt1291584,Movie,8.1,140,2011,"Drama, Sport, Action",503766,"2011-09-23","Gavin O'Connor"
tt0107614,7,2018-01-18,"Mrs. Doubtfire","Mrs. Doubtfire",https://www.imdb.com/title/tt0107614,Movie,7.1,125,1993,"Drama, Comedy",296735,"1994-01-28","Chris Columbus"
tt1055369,6,2018-01-18,"Transformers: Revenge of the Fallen","Transformers: Revenge of the Fallen",https://www.imdb.com/title/tt1055369,Movie,6.0,149,2009,"Sci-Fi, Action, Adventure",433407,"2009-06-19","Michael Bay"
tt0418279,7,2018-01-18,"Transformers","Transformers",https://www.imdb.com/title/tt0418279,Movie,7.0,144,2007,"Action, Sci-Fi, Adventure",683438,"2007-07-27","Michael Bay"
tt0298203,7,2018-01-18,"8 Mile","8 Mile",https://www.imdb.com/title/tt0298203,Movie,7.2,110,2002,"Music, Drama",327957,"2003-01-17","Curtis Hanson"
tt0120591,7,2018-01-18,"Armageddon","Armageddon",https://www.imdb.com/title/tt0120591,Movie,6.7,151,1998,"Adventure, Sci-Fi, Thriller, Action",457233,"1998-08-07","Michael Bay"
tt0117008,7,2018-01-18,"Matilda","Matilda",https://www.imdb.com/title/tt0117008,Movie,7.0,98,1996,"Family, Comedy, Fantasy",179225,"1996-12-20","Danny DeVito"
tt0100944,6,2018-01-18,"The Witches","The Witches",https://www.imdb.com/title/tt0100944,Movie,6.8,91,1990,"Adventure, Comedy, Mystery, Horror, Family, Fantasy",55487,"1990-05-25","Nicolas Roeg"
tt0116683,5,2018-01-18,"James And The Giant Peach","James and the Giant Peach",https://www.imdb.com/title/tt0116683,Movie,6.7,79,1996,"Animation, Musical, Adventure, Family, Fantasy",75020,"1996-08-02","Henry Selick"
tt0413099,5,2018-01-18,"Evan Almighty","Evan Almighty",https://www.imdb.com/title/tt0413099,Movie,5.4,96,2007,"Comedy, Fantasy, Family",156750,"2007-08-03","Tom Shadyac"
tt0093409,7,2018-01-18,"Lethal Weapon","Lethal Weapon",https://www.imdb.com/title/tt0093409,Movie,7.6,109,1987,"Thriller, Crime, Action",280699,"1987-08-28","Richard Donner"
tt1074638,7,2018-01-18,"Skyfall","Skyfall",https://www.imdb.com/title/tt1074638,Movie,7.8,143,2012,"Action, Thriller, Adventure",738444,"2012-10-26","Sam Mendes"
tt0073195,7,2018-01-18,"Jaws","Jaws",https://www.imdb.com/title/tt0073195,Movie,8.1,124,1975,"Adventure, Drama, Thriller",675032,"1975-12-26","Steven Spielberg"
tt0367594,5,2018-01-18,"Charlie and the Chocolate Factory","Charlie and the Chocolate Factory",https://www.imdb.com/title/tt0367594,Movie,6.7,115,2005,"Musical, Adventure, Comedy, Family, Fantasy",538237,"2005-07-29","Tim Burton"
tt0120667,5,2018-01-18,"Fantastic Four","Fantastic Four",https://www.imdb.com/title/tt0120667,Movie,5.7,106,2005,"Adventure, Fantasy, Sci-Fi, Action",349273,"2005-07-22","Tim Story"
tt0307453,7,2018-01-18,"Shark Tale","Shark Tale",https://www.imdb.com/title/tt0307453,Movie,6.0,90,2004,"Animation, Family, Adventure, Thriller, Comedy",201803,"2004-12-03","Bibo Bergeron,Vicky Jenson,Rob Letterman"
tt0129167,7,2018-01-18,"The Iron Giant","The Iron Giant",https://www.imdb.com/title/tt0129167,Movie,8.1,86,1999,"Animation, Adventure, Action, Comedy, Drama, Sci-Fi, Family",233903,"1999-12-17","Brad Bird"
tt0368891,6,2018-01-18,"National Treasure","National Treasure",https://www.imdb.com/title/tt0368891,Movie,6.9,131,2004,"Adventure, Action, Thriller, Mystery",360359,"2004-12-26","Jon Turteltaub"
tt0312109,6,2018-01-18,"Codename: Kids Next Door","Codename: Kids Next Door",https://www.imdb.com/title/tt0312109,TV Series,7.2,23,2002,"Animation, Adventure, Action, Sci-Fi, Comedy, Family",23198,"2003-09-01",
tt0325980,7,2018-01-18,"Pirates of the Caribbean: The Curse of the Black Pearl","Pirates of the Caribbean: The Curse of the Black Pearl",https://www.imdb.com/title/tt0325980,Movie,8.1,143,2003,"Fantasy, Action, Adventure",1231984,"2003-08-08","Gore Verbinski"
tt1130884,8,2018-01-18,"Shutter Island","Shutter Island",https://www.imdb.com/title/tt1130884,Movie,8.2,138,2010,"Thriller, Mystery, Drama",1492296,"2010-03-12","Martin Scorsese"
tt4972582,8,2018-01-18,"Split","Split",https://www.imdb.com/title/tt4972582,Movie,7.3,117,2016,"Thriller, Horror",570239,"2017-01-20","M. Night Shyamalan"
tt0267913,5,2018-01-18,"Scooby-Doo","Scooby-Doo",https://www.imdb.com/title/tt0267913,Movie,5.3,89,2002,"Family, Fantasy, Mystery, Comedy, Adventure",128106,"2002-07-12","Raja Gosnell"
tt0109040,7,2018-01-18,"Ace Ventura: Pet Detective","Ace Ventura: Pet Detective",https://www.imdb.com/title/tt0109040,Movie,6.9,86,1994,"Comedy",331001,"1994-04-29","Tom Shadyac"
tt0110475,7,2018-01-18,"The Mask","The Mask",https://www.imdb.com/title/tt0110475,Movie,6.9,101,1994,"Crime, Action, Comedy, Fantasy",431003,"1994-08-19","Chuck Russell"
tt0443649,5,2018-01-18,"10,000 BC","10,000 BC",https://www.imdb.com/title/tt0443649,Movie,5.1,109,2008,"Adventure, Fantasy, Action, Drama, History",136343,"2008-03-14","Roland Emmerich"
tt0133240,7,2018-01-18,"Treasure Planet","Treasure Planet",https://www.imdb.com/title/tt0133240,Movie,7.2,95,2002,"Animation, Fantasy, Sci-Fi, Family, Adventure",136154,"2003-02-14","Ron Clements,John Musker"
tt0246578,8,2018-01-18,"Donnie Darko","Donnie Darko",https://www.imdb.com/title/tt0246578,Movie,8.0,113,2001,"Sci-Fi, Thriller, Mystery, Drama",862691,"2002-10-25","Richard Kelly"
tt0317219,7,2018-01-18,"Cars","Cars",https://www.imdb.com/title/tt0317219,Movie,7.2,116,2006,"Animation, Family, Sport, Comedy, Adventure",482854,"2006-07-28","John Lasseter,Joe Ranft"
tt0317705,8,2018-01-18,"The Incredibles","The Incredibles",https://www.imdb.com/title/tt0317705,Movie,8.0,115,2004,"Animation, Action, Adventure, Family",827258,"2004-12-25","Brad Bird"
tt0087332,8,2018-01-18,"Ghostbusters","Ghostbusters",https://www.imdb.com/title/tt0087332,Movie,7.8,105,1984,"Fantasy, Comedy, Action, Sci-Fi",459842,"1984-12-07","Ivan Reitman"
tt0115200,7,2018-01-18,"Hey Arnold!","Hey Arnold!",https://www.imdb.com/title/tt0115200,TV Series,7.6,15,1996,"Animation, Comedy, Family",37171,"1996-09-09",
tt0088247,8,2018-01-18,"The Terminator","The Terminator",https://www.imdb.com/title/tt0088247,Movie,8.1,107,1984,"Action, Adventure, Sci-Fi",941036,"1985-01-11","James Cameron"
tt0075148,8,2018-01-18,"Rocky","Rocky",https://www.imdb.com/title/tt0075148,Movie,8.1,120,1976,"Sport, Drama",640275,"1977-04-21","John G. Avildsen"
tt0095016,8,2018-01-18,"Die Hard","Die Hard",https://www.imdb.com/title/tt0095016,Movie,8.2,132,1988,"Thriller, Action",959361,"1989-02-03","John McTiernan"
tt0088763,8,2018-01-18,"Back to the Future","Back to the Future",https://www.imdb.com/title/tt0088763,Movie,8.5,116,1985,"Comedy, Sci-Fi, Adventure",1334457,"1985-12-04","Robert Zemeckis"
tt0499549,7,2018-01-18,"Avatar","Avatar",https://www.imdb.com/title/tt0499549,Movie,7.9,162,2009,"Sci-Fi, Action, Adventure, Fantasy",1403583,"2009-12-17","James Cameron"
tt0110763,7,2018-01-18,"The Pagemaster","The Pagemaster",https://www.imdb.com/title/tt0110763,Movie,6.1,80,1994,"Animation, Comedy, Adventure, Family, Fantasy",26004,"1994-12-09","Pixote Hunt,Joe Johnston"
tt0032910,7,2018-01-18,"Pinocchio","Pinocchio",https://www.imdb.com/title/tt0032910,Movie,7.5,88,1940,"Animation, Musical, Fantasy, Comedy, Adventure, Family",162576,"1940-05-13","Norman Ferguson,T. Hee,Wilfred Jackson,Jack Kinney,Hamilton Luske,Bill Roberts,Ben Sharpsteen"
tt0266543,8,2018-01-18,"Finding Nemo","Finding Nemo",https://www.imdb.com/title/tt0266543,Movie,8.2,100,2003,"Animation, Family, Comedy, Adventure",1131087,"2003-10-10","Andrew Stanton,Lee Unkrich"
tt1049413,7,2018-01-18,"Up","Up",https://www.imdb.com/title/tt1049413,Movie,8.3,96,2009,"Animation, Family, Adventure, Comedy, Drama",1146885,"2009-10-09","Pete Docter,Bob Peterson"
tt1663662,6,2018-01-18,"Pacific Rim","Pacific Rim",https://www.imdb.com/title/tt1663662,Movie,6.9,131,2013,"Sci-Fi, Action, Adventure",537041,"2013-07-12","Guillermo del Toro"
tt1446714,7,2018-01-18,"Prometheus","Prometheus",https://www.imdb.com/title/tt1446714,Movie,7.0,124,2012,"Adventure, Sci-Fi, Mystery",662943,"2012-06-01","Ridley Scott"
tt0360717,7,2018-01-18,"King Kong","King Kong",https://www.imdb.com/title/tt0360717,Movie,7.2,187,2005,"Adventure, Action, Romance",452419,"2005-12-15","Peter Jackson"
tt0056869,7,2018-01-18,"The Birds","The Birds",https://www.imdb.com/title/tt0056869,Movie,7.6,119,1963,"Drama, Mystery, Romance, Horror",207969,"1963-03-29","Alfred Hitchcock"
tt0120616,7,2018-01-18,"The Mummy","The Mummy",https://www.imdb.com/title/tt0120616,Movie,7.1,124,1999,"Fantasy, Adventure, Action",469876,"1999-06-25","Stephen Sommers"
tt1392170,7,2018-01-18,"The Hunger Games","The Hunger Games",https://www.imdb.com/title/tt1392170,Movie,7.2,142,2012,"Adventure, Sci-Fi, Thriller, Action",1019090,"2012-03-23","Gary Ross"
tt1899353,9,2018-01-18,"The Raid","Serbuan maut",https://www.imdb.com/title/tt1899353,Movie,7.6,101,2011,"Action, Thriller, Crime",219695,"2012-05-18","Gareth Evans"
tt2310332,6,2018-01-18,"The Hobbit: The Battle of the Five Armies","The Hobbit: The Battle of the Five Armies",https://www.imdb.com/title/tt2310332,Movie,7.4,144,2014,"Adventure, Fantasy",582422,"2014-12-12","Peter Jackson"
tt1170358,7,2018-01-18,"The Hobbit: The Desolation of Smaug","The Hobbit: The Desolation of Smaug",https://www.imdb.com/title/tt1170358,Movie,7.8,161,2013,"Fantasy, Adventure, Drama",716293,"2013-12-13","Peter Jackson"
tt0903624,7,2018-01-18,"The Hobbit: An Unexpected Journey","The Hobbit: An Unexpected Journey",https://www.imdb.com/title/tt0903624,Movie,7.8,169,2012,"Fantasy, Adventure",885465,"2012-12-13","Peter Jackson"
tt1270798,7,2018-01-18,"X-Men: First Class","X: First Class",https://www.imdb.com/title/tt1270798,Movie,7.7,131,2011,"Action, Sci-Fi",735642,"2011-06-01","Matthew Vaughn"
tt1877832,7,2018-01-18,"X-Men: Days of Future Past","X-Men: Days of Future Past",https://www.imdb.com/title/tt1877832,Movie,7.9,132,2014,"Action, Sci-Fi, Thriller, Adventure",757966,"2014-05-22","Bryan Singer"
tt0369610,5,2018-01-18,"Jurassic World","Jurassic World",https://www.imdb.com/title/tt0369610,Movie,6.9,124,2015,"Adventure, Sci-Fi, Action",688643,"2015-06-11","Colin Trevorrow"
tt1431045,8,2018-01-18,"Deadpool","Deadpool",https://www.imdb.com/title/tt1431045,Movie,8.0,108,2016,"Action, Comedy",1169828,"2016-02-10","Tim Miller"
tt2543164,7,2018-01-18,"Arrival","Arrival",https://www.imdb.com/title/tt2543164,Movie,7.9,116,2016,"Sci-Fi, Drama, Mystery",789116,"2016-11-10","Denis Villeneuve"
tt0032138,8,2018-01-18,"The Wizard of Oz","The Wizard of Oz",https://www.imdb.com/title/tt0032138,Movie,8.1,102,1939,"Musical, Family, Adventure, Fantasy",435097,"1940-01-26","Victor Fleming,King Vidor"
tt0126029,8,2018-01-18,"Shrek","Shrek",https://www.imdb.com/title/tt0126029,Movie,7.9,90,2001,"Animation, Fantasy, Comedy, Family, Adventure, Romance",749603,"2001-06-29","Andrew Adamson,Vicky Jenson"
tt0351283,6,2018-01-18,"Madagascar","Madagascar",https://www.imdb.com/title/tt0351283,Movie,6.9,86,2005,"Animation, Family, Comedy, Adventure",445368,"2005-07-15","Eric Darnell,Tom McGrath"
tt0441773,8,2018-01-18,"Kung Fu Panda","Kung Fu Panda",https://www.imdb.com/title/tt0441773,Movie,7.6,92,2008,"Animation, Comedy, Action, Adventure, Family, Fantasy",533477,"2008-07-04","Mark Osborne,John Stevenson"
tt0087538,7,2018-01-18,"The Karate Kid","The Karate Kid",https://www.imdb.com/title/tt0087538,Movie,7.3,126,1984,"Drama, Sport, Family, Action",250542,"1984-08-31","John G. Avildsen"
tt0343818,7,2018-01-18,"I, Robot","I, Robot",https://www.imdb.com/title/tt0343818,Movie,7.1,115,2004,"Action, Mystery, Sci-Fi, Thriller",583616,"2004-08-06","Alex Proyas"
tt0480249,8,2018-01-18,"I Am Legend","I Am Legend",https://www.imdb.com/title/tt0480249,Movie,7.2,101,2007,"Drama, Sci-Fi, Thriller, Action, Horror",829123,"2007-12-26","Francis Lawrence"
tt0106977,8,2018-01-18,"The Fugitive","The Fugitive",https://www.imdb.com/title/tt0106977,Movie,7.8,130,1993,"Crime, Action, Mystery, Drama, Thriller",324741,"1993-09-24","Andrew Davis"
tt1392190,8,2018-01-18,"Mad Max: Fury Road","Mad Max: Fury Road",https://www.imdb.com/title/tt1392190,Movie,8.1,120,2015,"Action, Adventure, Thriller, Sci-Fi",1132302,"2015-05-14","George Miller"
tt0106064,7,2018-01-18,"Mighty Morphin Power Rangers","Mighty Morphin Power Rangers",https://www.imdb.com/title/tt0106064,TV Series,6.6,30,1993,"Adventure, Sci-Fi, Family, Action",25016,"1993-12-25",
tt4230076,6,2018-01-18,"The Defenders","The Defenders",https://www.imdb.com/title/tt4230076,TV Mini Series,7.2,50,2017,"Action, Adventure, Crime, Sci-Fi, Fantasy",118053,"2017-08-18",
tt3896198,7,2018-01-18,"Guardians of the Galaxy: Vol. 2","Guardians of the Galaxy Vol. 2",https://www.imdb.com/title/tt3896198,Movie,7.6,136,2017,"Action, Sci-Fi, Adventure, Comedy",773509,"2017-04-28","James Gunn"
tt1211837,7,2018-01-18,"Doctor Strange","Doctor Strange",https://www.imdb.com/title/tt1211837,Movie,7.5,115,2016,"Fantasy, Adventure, Action, Sci-Fi",820741,"2016-10-25","Scott Derrickson"
tt3498820,7,2018-01-18,"Captain America: Civil War","Captain America: Civil War",https://www.imdb.com/title/tt3498820,Movie,7.8,147,2016,"Action, Sci-Fi",866136,"2016-04-29","Anthony Russo,Joe Russo"
tt3322314,7,2018-01-18,"Luke Cage","Luke Cage",https://www.imdb.com/title/tt3322314,TV Series,7.2,55,2016,"Action, Sci-Fi, Crime, Thriller, Drama",141347,"2016-09-30",
tt0478970,7,2018-01-18,"Ant-Man","Ant-Man",https://www.imdb.com/title/tt0478970,Movie,7.2,117,2015,"Action, Sci-Fi, Comedy",733863,"2015-07-17","Peyton Reed"
tt2395427,7,2018-01-18,"Avengers: Age of Ultron","Avengers: Age of Ultron",https://www.imdb.com/title/tt2395427,Movie,7.3,141,2015,"Action, Adventure, Sci-Fi",937671,"2015-04-23","Joss Whedon"
tt1843866,7,2018-01-18,"Captain America: The Winter Soldier","Captain America: The Winter Soldier",https://www.imdb.com/title/tt1843866,Movie,7.7,136,2014,"Action, Adventure, Sci-Fi, Thriller",912546,"2014-03-26","Anthony Russo,Joe Russo"
tt2015381,8,2018-01-18,"Guardians of the Galaxy","Guardians of the Galaxy",https://www.imdb.com/title/tt2015381,Movie,8.0,121,2014,"Sci-Fi, Action, Adventure, Comedy",1290473,"2014-07-31","James Gunn"
tt0848228,7,2018-01-18,"Avengers Assemble","The Avengers",https://www.imdb.com/title/tt0848228,Movie,8.0,143,2012,"Action, Sci-Fi",1478503,"2012-04-26","Joss Whedon"
tt0458339,5,2018-01-18,"Captain America: The First Avenger","Captain America: The First Avenger",https://www.imdb.com/title/tt0458339,Movie,6.9,124,2011,"Action, Adventure, Sci-Fi",910575,"2011-07-29","Joe Johnston"
tt0770828,6,2018-01-18,"Man of Steel","Man of Steel",https://www.imdb.com/title/tt0770828,Movie,7.1,143,2013,"Action, Adventure, Sci-Fi",820353,"2013-06-14","Zack Snyder"
tt0091042,8,2018-01-18,"Ferris Bueller's Day Off","Ferris Bueller's Day Off",https://www.imdb.com/title/tt0091042,Movie,7.8,103,1986,"Comedy",393657,"1987-02-13","John Hughes"
tt0119137,5,2018-01-18,"Flubber","Flubber",https://www.imdb.com/title/tt0119137,Movie,5.3,93,1997,"Sci-Fi, Comedy, Family",95782,"1998-02-06","Les Mayfield"
tt0265298,7,2018-01-18,"Big Fat Liar","Big Fat Liar",https://www.imdb.com/title/tt0265298,Movie,5.5,88,2002,"Family, Adventure, Comedy",40483,"2002-06-28","Shawn Levy"
tt0086190,8,2018-01-18,"Star Wars: Episode VI - Return of the Jedi","Star Wars: Episode VI - Return of the Jedi",https://www.imdb.com/title/tt0086190,Movie,8.3,131,1983,"Sci-Fi, Adventure, Action, Fantasy",1138377,"1983-06-02","Richard Marquand"
tt0398808,7,2018-01-18,"Bridge to Terabithia","Bridge to Terabithia",https://www.imdb.com/title/tt0398808,Movie,7.2,96,2007,"Family, Drama, Fantasy",176793,"2007-05-04","Gabor Csupo"
tt0406375,7,2018-01-18,"Zathura: A Space Adventure","Zathura: A Space Adventure",https://www.imdb.com/title/tt0406375,Movie,6.3,101,2005,"Fantasy, Adventure, Family, Action, Sci-Fi, Comedy",117607,"2006-02-03","Jon Favreau"
tt1631867,7,2018-01-18,"Edge of Tomorrow","Edge of Tomorrow",https://www.imdb.com/title/tt1631867,Movie,7.9,113,2014,"Action, Sci-Fi, Adventure",752101,"2014-05-30","Doug Liman"
tt0425413,8,2018-01-18,"Run Fatboy Run","Run Fatboy Run",https://www.imdb.com/title/tt0425413,Movie,6.5,100,2007,"Comedy, Sport, Romance",70112,"2007-09-07","David Schwimmer"
tt0477347,7,2018-01-18,"Night at the Museum","Night at the Museum",https://www.imdb.com/title/tt0477347,Movie,6.5,108,2006,"Comedy, Family, Fantasy, Adventure",384007,"2006-12-26","Shawn Levy"
tt0127357,7,2018-01-18,"Who Am I?","Ngo si seoi",https://www.imdb.com/title/tt0127357,Movie,6.8,120,1998,"Sci-Fi, Thriller, Adventure, Comedy, Action",43488,"1999-07-09","Benny Chan,Jackie Chan"
tt0120812,7,2018-01-18,"Rush Hour","Rush Hour",https://www.imdb.com/title/tt0120812,Movie,7.0,98,1998,"Thriller, Crime, Comedy, Action",301116,"1998-12-04","Brett Ratner"
tt0120912,6,2018-01-18,"Men in Black II","Men in Black II",https://www.imdb.com/title/tt0120912,Movie,6.2,88,2002,"Adventure, Mystery, Sci-Fi, Comedy, Action",410198,"2002-08-02","Barry Sonnenfeld"
tt2381249,6,2018-01-18,"Mission: Impossible - Rogue Nation","Mission: Impossible - Rogue Nation",https://www.imdb.com/title/tt2381249,Movie,7.4,131,2015,"Action, Adventure, Thriller",416733,"2015-07-30","Christopher McQuarrie"
tt3890160,7,2018-01-18,"Baby Driver","Baby Driver",https://www.imdb.com/title/tt3890160,Movie,7.5,113,2017,"Action, Music, Crime, Drama",627627,"2017-06-28","Edgar Wright"
tt2294449,8,2018-01-18,"22 Jump Street","22 Jump Street",https://www.imdb.com/title/tt2294449,Movie,7.0,112,2014,"Comedy, Action, Crime",413086,"2014-06-06","Phil Lord,Christopher Miller"
tt1232829,7,2018-01-18,"21 Jump Street","21 Jump Street",https://www.imdb.com/title/tt1232829,Movie,7.2,109,2012,"Action, Comedy, Crime",608849,"2012-03-16","Phil Lord,Christopher Miller"
tt0796366,6,2018-01-18,"Star Trek","Star Trek",https://www.imdb.com/title/tt0796366,Movie,7.9,127,2009,"Sci-Fi, Action, Adventure",624045,"2009-05-08","J.J. Abrams"
tt0417741,7,2018-01-18,"Harry Potter and the Half-Blood Prince","Harry Potter and the Half-Blood Prince",https://www.imdb.com/title/tt0417741,Movie,7.6,153,2009,"Action, Fantasy, Mystery, Family, Adventure",607008,"2009-07-15","David Yates"
tt0304141,7,2018-01-18,"Harry Potter and the Prisoner of Azkaban","Harry Potter and the Prisoner of Azkaban",https://www.imdb.com/title/tt0304141,Movie,7.9,142,2004,"Mystery, Family, Adventure, Fantasy",705262,"2004-05-31","Alfonso Cuarón"
tt1201607,7,2018-01-18,"Harry Potter and the Deathly Hallows: Part 2","Harry Potter and the Deathly Hallows - Part 2",https://www.imdb.com/title/tt1201607,Movie,8.1,130,2011,"Adventure, Mystery, Fantasy, Family",965766,"2011-07-15","David Yates"
tt0926084,7,2018-01-18,"Harry Potter and the Deathly Hallows: Part 1","Harry Potter and the Deathly Hallows - Part 1",https://www.imdb.com/title/tt0926084,Movie,7.7,146,2010,"Adventure, Mystery, Fantasy, Family",610851,"2010-11-19","David Yates"
tt0373889,7,2018-01-18,"Harry Potter and the Order of the Phoenix","Harry Potter and the Order of the Phoenix",https://www.imdb.com/title/tt0373889,Movie,7.5,138,2007,"Action, Family, Fantasy, Mystery, Adventure",645115,"2007-07-12","David Yates"
tt0295297,7,2018-01-18,"Harry Potter and the Chamber of Secrets","Harry Potter and the Chamber of Secrets",https://www.imdb.com/title/tt0295297,Movie,7.4,161,2002,"Mystery, Family, Adventure, Fantasy",705178,"2002-11-15","Chris Columbus"
tt1318514,7,2018-01-18,"Rise of the Planet of the Apes","Rise of the Planet of the Apes",https://www.imdb.com/title/tt1318514,Movie,7.6,105,2011,"Action, Sci-Fi, Drama, Thriller",583676,"2011-08-11","Rupert Wyatt"
tt2103281,8,2018-01-18,"Dawn of the Planet of the Apes","Dawn of the Planet of the Apes",https://www.imdb.com/title/tt2103281,Movie,7.6,130,2014,"Action, Adventure, Drama, Sci-Fi, Thriller",491353,"2014-07-17","Matt Reeves"
tt0063442,8,2018-01-18,"Planet of the Apes","Planet of the Apes",https://www.imdb.com/title/tt0063442,Movie,8.0,112,1968,"Adventure, Sci-Fi",200900,"1968-04-19","Franklin J. Schaffner"
tt0800369,6,2018-01-18,"Thor","Thor",https://www.imdb.com/title/tt0800369,Movie,7.0,115,2011,"Action, Fantasy",913249,"2011-04-27","Kenneth Branagh"
tt2488496,7,2018-01-18,"Star Wars: Episode VII - The Force Awakens","Star Wars: Episode VII - The Force Awakens",https://www.imdb.com/title/tt2488496,Movie,7.8,138,2015,"Sci-Fi, Action, Adventure",984640,"2015-12-17","J.J. Abrams"
tt2527336,6,2018-01-18,"Star Wars: Episode VIII - The Last Jedi","Star Wars: Episode VIII - The Last Jedi",https://www.imdb.com/title/tt2527336,Movie,6.9,152,2017,"Sci-Fi, Action, Adventure, Fantasy",681937,"2017-12-14","Rian Johnson"
tt0145487,7,2018-01-18,"Spider-Man","Spider-Man",https://www.imdb.com/title/tt0145487,Movie,7.4,121,2002,"Adventure, Sci-Fi, Action",896835,"2002-06-14","Sam Raimi"
tt2250912,7,2018-01-18,"Spider-Man: Homecoming","Spider-Man: Homecoming",https://www.imdb.com/title/tt2250912,Movie,7.4,133,2017,"Action, Sci-Fi, Adventure",734377,"2017-07-05","Jon Watts"
tt1300854,5,2018-01-18,"Iron Man 3","Iron Man Three",https://www.imdb.com/title/tt1300854,Movie,7.1,130,2013,"Action, Adventure, Sci-Fi",912276,"2013-04-25","Shane Black"
tt1228705,5,2018-01-18,"Iron Man 2","Iron Man 2",https://www.imdb.com/title/tt1228705,Movie,6.9,124,2010,"Action, Sci-Fi",882300,"2010-04-30","Jon Favreau"
tt0371746,8,2018-01-18,"Iron Man","Iron Man",https://www.imdb.com/title/tt0371746,Movie,7.9,126,2008,"Action, Sci-Fi, Adventure",1144151,"2008-05-02","Jon Favreau"
tt0435761,8,2018-01-18,"Toy Story 3","Toy Story 3",https://www.imdb.com/title/tt0435761,Movie,8.3,103,2010,"Animation, Adventure, Comedy, Family, Fantasy",906865,"2010-07-19","Lee Unkrich"
tt0120363,7,2018-01-18,"Toy Story 2","Toy Story 2",https://www.imdb.com/title/tt0120363,Movie,7.9,92,1999,"Animation, Adventure, Comedy, Family, Fantasy",629965,"2000-02-11","John Lasseter,Ash Brannon,Lee Unkrich"
tt0114709,8,2018-01-18,"Toy Story","Toy Story",https://www.imdb.com/title/tt0114709,Movie,8.3,81,1995,"Animation, Adventure, Comedy, Family, Fantasy",1088039,"1996-03-22","John Lasseter"
tt0800080,7,2018-01-18,"The Incredible Hulk","The Incredible Hulk",https://www.imdb.com/title/tt0800080,Movie,6.6,112,2008,"Action, Sci-Fi, Adventure",531355,"2008-06-13","Louis Leterrier"
tt0286716,5,2018-01-18,"Hulk","Hulk",https://www.imdb.com/title/tt0286716,Movie,5.6,138,2003,"Sci-Fi, Action",281620,"2003-07-18","Ang Lee"
tt0120338,6,2018-01-18,"Titanic","Titanic",https://www.imdb.com/title/tt0120338,Movie,7.9,194,1997,"Romance, Drama",1306203,"1998-01-23","James Cameron"
tt0287717,7,2018-01-18,"Spy Kids 2: Island of Lost Dreams","Spy Kids 2: Island of Lost Dreams",https://www.imdb.com/title/tt0287717,Movie,5.3,100,2002,"Action, Sci-Fi, Family, Comedy, Adventure",74822,"2002-08-16","Robert Rodriguez"
tt0227538,7,2018-01-18,"Spy Kids","Spy Kids",https://www.imdb.com/title/tt0227538,Movie,5.6,88,2001,"Adventure, Sci-Fi, Comedy, Family, Action",129198,"2001-04-13","Robert Rodriguez"
tt0107290,8,2018-01-18,"Jurassic Park","Jurassic Park",https://www.imdb.com/title/tt0107290,Movie,8.2,127,1993,"Thriller, Action, Sci-Fi, Adventure",1087482,"1993-07-16","Steven Spielberg"
tt0042876,10,2018-01-18,"Rashomon","Rashômon",https://www.imdb.com/title/tt0042876,Movie,8.2,88,1950,"Crime, Mystery, Drama",183833,"1950-08-26","Akira Kurosawa"
tt1853728,7,2018-01-18,"Django Unchained","Django Unchained",https://www.imdb.com/title/tt1853728,Movie,8.5,165,2012,"Western, Drama, Comedy",1730611,"2013-01-18","Quentin Tarantino"
tt0482571,9,2018-01-18,"The Prestige","The Prestige",https://www.imdb.com/title/tt0482571,Movie,8.5,130,2006,"Drama, Thriller, Mystery, Sci-Fi",1468191,"2006-11-10","Christopher Nolan"
tt0110357,7,2018-01-18,"The Lion King","The Lion King",https://www.imdb.com/title/tt0110357,Movie,8.5,88,1994,"Animation, Musical, Drama, Fantasy, Adventure, Family",1164447,"1994-10-07","Roger Allers,Rob Minkoff"
tt0120815,8,2018-01-18,"Saving Private Ryan","Saving Private Ryan",https://www.imdb.com/title/tt0120815,Movie,8.6,169,1998,"Drama, War",1522706,"1998-09-11","Steven Spielberg"
tt0245429,9,2018-01-18,"Spirited Away","Sen to Chihiro no kamikakushi",https://www.imdb.com/title/tt0245429,Movie,8.6,124,2001,"Animation, Family, Mystery, Adventure, Fantasy",872051,"2003-09-12","Hayao Miyazaki"
tt0114814,7,2018-01-18,"The Usual Suspects","The Usual Suspects",https://www.imdb.com/title/tt0114814,Movie,8.5,106,1995,"Drama, Crime, Mystery, Thriller",1161301,"1995-08-25","Bryan Singer"
tt0076759,9,2018-01-18,"Star Wars: Episode IV - A New Hope","Star Wars",https://www.imdb.com/title/tt0076759,Movie,8.6,121,1977,"Sci-Fi, Adventure, Fantasy, Action",1472227,"1978-01-29","George Lucas"
tt0047478,10,2018-01-18,"Seven Samurai","Shichinin no samurai",https://www.imdb.com/title/tt0047478,Movie,8.6,207,1954,"Drama, Action",372502,"1954-04-26","Akira Kurosawa"
tt1375666,9,2018-01-18,"Inception","Inception",https://www.imdb.com/title/tt1375666,Movie,8.8,148,2010,"Sci-Fi, Thriller, Action, Adventure",2597708,"2010-07-16","Christopher Nolan"
tt0080684,9,2018-01-18,"Star Wars: Episode V - The Empire Strikes Back","Star Wars: Episode V - The Empire Strikes Back",https://www.imdb.com/title/tt0080684,Movie,8.7,124,1980,"Fantasy, Sci-Fi, Adventure, Action",1402676,"1980-05-21","Irvin Kershner"
tt0120737,10,2018-01-18,"The Lord of the Rings: The Fellowship of the Ring","The Lord of the Rings: The Fellowship of the Ring",https://www.imdb.com/title/tt0120737,Movie,8.9,178,2001,"Drama, Action, Adventure, Fantasy",2045331,"2001-12-19","Peter Jackson"
tt0167260,9,2018-01-18,"The Lord of the Rings: The Return of the King","The Lord of the Rings: The Return of the King",https://www.imdb.com/title/tt0167260,Movie,9.0,201,2003,"Drama, Action, Adventure, Fantasy",2015942,"2003-12-17","Peter Jackson"
tt0055630,10,2017-12-26,"Yojimbo","Yôjinbô",https://www.imdb.com/title/tt0055630,Movie,8.2,110,1961,"Drama, Action, Thriller",133638,"1961-04-25","Akira Kurosawa"
tt0118480,7,2017-10-14,"Stargate SG-1","Stargate SG-1",https://www.imdb.com/title/tt0118480,TV Series,8.4,44,1997,"Action, Adventure, Drama, Sci-Fi",102932,"1998-04-01",
tt0411008,8,2017-10-14,"Lost","Lost",https://www.imdb.com/title/tt0411008,TV Series,8.3,45,2004,"Drama, Mystery, Adventure, Thriller, Sci-Fi, Fantasy",612560,"2005-08-10",
tt1520211,7,2017-10-14,"The Walking Dead","The Walking Dead",https://www.imdb.com/title/tt1520211,TV Series,8.1,45,2010,"Horror, Drama, Thriller",1106682,"2010-11-05",
tt0094535,8,2017-10-14,"Red Dwarf","Red Dwarf",https://www.imdb.com/title/tt0094535,TV Series,8.4,30,1988,"Sci-Fi, Comedy",37706,"1988-02-15",
tt1124373,6,2017-10-14,"Sons of Anarchy","Sons of Anarchy",https://www.imdb.com/title/tt1124373,TV Series,8.6,45,2008,"Drama, Crime, Thriller",330123,"2009",
tt0088509,9,2017-10-14,"Dragon Ball","Dragon Ball: Doragon bôru",https://www.imdb.com/title/tt0088509,TV Series,8.5,25,1986,"Animation, Action, Comedy, Adventure, Fantasy",68174,"1986-02-26",
tt2100976,8,2017-10-14,"Impractical Jokers","Impractical Jokers",https://www.imdb.com/title/tt2100976,TV Series,8.6,30,2011,"Reality-TV, Comedy",46893,"2011-12-15",
tt1489428,7,2017-10-14,"Justified","Justified",https://www.imdb.com/title/tt1489428,TV Series,8.6,45,2010,"Drama, Crime, Action, Thriller, Mystery, Western",121364,"2010-03-16",
tt0092455,9,2017-10-14,"Star Trek: The Next Generation","Star Trek: The Next Generation",https://www.imdb.com/title/tt0092455,TV Series,8.7,45,1987,"Action, Drama, Sci-Fi, Adventure",139289,"1990-09-26",
tt0994314,7,2017-10-14,"Code Geass: Lelouch of the Rebellion","Kôdo Giasu: Hangyaku no Rurûshu",https://www.imdb.com/title/tt0994314,TV Series,8.7,24,2006,"Animation, Sci-Fi, Action, Drama, Thriller, Fantasy",83955,"2006-10-05",
tt0286486,10,2017-10-14,"The Shield","The Shield",https://www.imdb.com/title/tt0286486,TV Series,8.7,45,2002,"Thriller, Crime, Drama",89936,"2002-09-29",
tt0407362,7,2017-10-14,"Battlestar Galactica","Battlestar Galactica",https://www.imdb.com/title/tt0407362,TV Series,8.7,45,2004,"Drama, Sci-Fi, Action, Adventure",178256,"2004-10-18",
tt1910272,5,2017-10-14,"Steins;Gate","Steins;Gate",https://www.imdb.com/title/tt1910272,TV Series,8.8,24,2011,"Animation, Sci-Fi, Thriller, Comedy, Drama, Romance, Mystery",76641,"2014-06-30",
tt0214341,8,2017-10-14,"Dragon Ball Z","Dragon Ball Z",https://www.imdb.com/title/tt0214341,TV Series,8.8,24,1996,"Animation, Adventure, Thriller, Sci-Fi, Action, Fantasy",152363,"1996-09-13",
tt2560140,7,2017-10-14,"Attack on Titan","Shingeki no Kyojin",https://www.imdb.com/title/tt2560140,TV Series,9.1,24,2013,"Animation, Fantasy, Horror, Adventure, Drama, Action",547453,"2014-09-14",
tt1475582,6,2017-10-14,"Sherlock","Sherlock",https://www.imdb.com/title/tt1475582,TV Series,9.1,90,2010,"Crime, Mystery, Drama, Thriller",1018919,"2010-07-25",
tt0213338,9,2017-10-14,"Cowboy Bebop","Kaubôi bibappu: Cowboy Bebop",https://www.imdb.com/title/tt0213338,TV Series,8.9,24,1998,"Animation, Action, Drama, Comedy, Sci-Fi, Adventure",144154,"2002-01-01",
tt0877057,8,2017-10-14,"Death Note","Death Note: Desu nôto",https://www.imdb.com/title/tt0877057,TV Series,8.9,24,2006,"Animation, Mystery, Crime, Thriller, Fantasy, Drama",395130,"2006-10-03",
tt1355642,8,2017-10-14,"Fullmetal Alchemist: Brotherhood","Hagane no renkinjutsushi",https://www.imdb.com/title/tt1355642,TV Series,9.1,24,2009,"Animation, Action, Adventure, Drama, Sci-Fi, Comedy, Fantasy",205382,"2009-04-05",
tt2356777,8,2017-10-14,"True Detective","True Detective",https://www.imdb.com/title/tt2356777,TV Series,8.9,60,2014,"Crime, Drama, Mystery, Thriller",671854,"2014-02-22",
tt0417299,7,2017-10-14,"Avatar: The Last Airbender","Avatar: The Last Airbender",https://www.imdb.com/title/tt0417299,TV Series,9.3,23,2005,"Animation, Adventure, Family, Fantasy, Action, Mystery",385609,"2005-11-04",
tt0306414,10,2017-10-14,"The Wire","The Wire",https://www.imdb.com/title/tt0306414,TV Series,9.3,60,2002,"Thriller, Crime, Drama",387295,"2005-01-12",
